sra	region	pos	mut_len	GFF_FEATURE	ref_codon	alt_codon	ref_aa	alt_aa	pos_aa	ref	alt
hCoV-19/USA/AK-SEARCH-225951/2023	NC_045512.2	1	2							A	-AT
hCoV-19/USA/AK-SEARCH-225951/2023	NC_045512.2	44	1							C	T
hCoV-19/USA/AK-SEARCH-225951/2023	NC_045512.2	241	1							C	T
hCoV-19/USA/AK-SEARCH-225951/2023	NC_045512.2	405	1	YP_009725295.1						A	G
hCoV-19/USA/AK-SEARCH-225951/2023	NC_045512.2	670	1	YP_009725295.1						T	G
hCoV-19/USA/AK-SEARCH-225951/2023	NC_045512.2	2790	1	YP_009725295.1						C	T
hCoV-19/USA/AK-SEARCH-225951/2023	NC_045512.2	3037	1	YP_009725295.1						C	T
hCoV-19/USA/AK-SEARCH-225951/2023	NC_045512.2	4184	1	YP_009725295.1						G	A
hCoV-19/USA/AK-SEARCH-225951/2023	NC_045512.2	4321	1	YP_009725295.1						C	T
hCoV-19/USA/AK-SEARCH-225951/2023	NC_045512.2	6555	1	YP_009725295.1						C	T
hCoV-19/USA/AK-SEARCH-225951/2023	NC_045512.2	9271	1	YP_009725295.1						T	C
hCoV-19/USA/AK-SEARCH-225951/2023	NC_045512.2	9344	1	YP_009725295.1						C	T
hCoV-19/USA/AK-SEARCH-225951/2023	NC_045512.2	9424	1	YP_009725295.1						A	G
hCoV-19/USA/AK-SEARCH-225951/2023	NC_045512.2	9534	1	YP_009725295.1						C	T
hCoV-19/USA/AK-SEARCH-225951/2023	NC_045512.2	9866	1	YP_009725295.1						C	T
hCoV-19/USA/AK-SEARCH-225951/2023	NC_045512.2	10029	1	YP_009725295.1						C	T
hCoV-19/USA/AK-SEARCH-225951/2023	NC_045512.2	10198	1	YP_009725295.1						C	T
hCoV-19/USA/AK-SEARCH-225951/2023	NC_045512.2	10447	1	YP_009725295.1						G	A
hCoV-19/USA/AK-SEARCH-225951/2023	NC_045512.2	10449	1	YP_009725295.1						C	A
hCoV-19/USA/AK-SEARCH-225951/2023	NC_045512.2	11288	9	YP_009725295.1						T	-TCTGGTTTT
hCoV-19/USA/AK-SEARCH-225951/2023	NC_045512.2	11606	1	YP_009725295.1						C	T
hCoV-19/USA/AK-SEARCH-225951/2023	NC_045512.2	12880	1	YP_009725295.1						C	T
hCoV-19/USA/AK-SEARCH-225951/2023	NC_045512.2	14408	1	YP_009724389.1						C	T
hCoV-19/USA/AK-SEARCH-225951/2023	NC_045512.2	15451	1	YP_009724389.1						G	A
hCoV-19/USA/AK-SEARCH-225951/2023	NC_045512.2	15714	1	YP_009724389.1						C	T
hCoV-19/USA/AK-SEARCH-225951/2023	NC_045512.2	15738	1	YP_009724389.1						C	T
hCoV-19/USA/AK-SEARCH-225951/2023	NC_045512.2	15939	1	YP_009724389.1						T	C
hCoV-19/USA/AK-SEARCH-225951/2023	NC_045512.2	16342	1	YP_009724389.1						T	C
hCoV-19/USA/AK-SEARCH-225951/2023	NC_045512.2	17124	1	YP_009724389.1						T	C
hCoV-19/USA/AK-SEARCH-225951/2023	NC_045512.2	17410	1	YP_009724389.1						C	T
hCoV-19/USA/AK-SEARCH-225951/2023	NC_045512.2	17859	1	YP_009724389.1						T	C
hCoV-19/USA/AK-SEARCH-225951/2023	NC_045512.2	18163	1	YP_009724389.1						A	G
hCoV-19/USA/AK-SEARCH-225951/2023	NC_045512.2	19326	1	YP_009724389.1						A	G
hCoV-19/USA/AK-SEARCH-225951/2023	NC_045512.2	19955	1	YP_009724389.1						C	T
hCoV-19/USA/AK-SEARCH-225951/2023	NC_045512.2	20055	1	YP_009724389.1						A	G
hCoV-19/USA/AK-SEARCH-225951/2023	NC_045512.2	21618	1	YP_009724390.1						C	T
hCoV-19/USA/AK-SEARCH-225951/2023	NC_045512.2	21633	9	YP_009724390.1						T	-TACCCCCTG
hCoV-19/USA/AK-SEARCH-225951/2023	NC_045512.2	21810	1	YP_009724390.1						T	C
hCoV-19/USA/AK-SEARCH-225951/2023	NC_045512.2	21987	1	YP_009724390.1						G	A
hCoV-19/USA/AK-SEARCH-225951/2023	NC_045512.2	21991	3	YP_009724390.1						T	-TTA
hCoV-19/USA/AK-SEARCH-225951/2023	NC_045512.2	22000	1	YP_009724390.1						C	A
hCoV-19/USA/AK-SEARCH-225951/2023	NC_045512.2	22109	1	YP_009724390.1						C	G
hCoV-19/USA/AK-SEARCH-225951/2023	NC_045512.2	22200	1	YP_009724390.1						T	A
hCoV-19/USA/AK-SEARCH-225951/2023	NC_045512.2	22317	1	YP_009724390.1						G	T
hCoV-19/USA/AK-SEARCH-225951/2023	NC_045512.2	22555		YP_009724390.1						C	T
hCoV-19/USA/AK-SEARCH-225951/2023	NC_045512.2	22558		YP_009724390.1						A	T
hCoV-19/USA/AK-SEARCH-225951/2023	NC_045512.2	22567		YP_009724390.1						A	G
hCoV-19/USA/AK-SEARCH-225951/2023	NC_045512.2	22573		YP_009724390.1						C	T
hCoV-19/USA/AK-SEARCH-225951/2023	NC_045512.2	22577	1	YP_009724390.1						G	C
hCoV-19/USA/AK-SEARCH-225951/2023	NC_045512.2	22579		YP_009724390.1						C	T
hCoV-19/USA/AK-SEARCH-225951/2023	NC_045512.2	22585		YP_009724390.1						A	T
hCoV-19/USA/AK-SEARCH-225951/2023	NC_045512.2	22591		YP_009724390.1						T	C
hCoV-19/USA/AK-SEARCH-225951/2023	NC_045512.2	22594		YP_009724390.1						T	C
hCoV-19/USA/AK-SEARCH-225951/2023	NC_045512.2	22597		YP_009724390.1						T	C
hCoV-19/USA/AK-SEARCH-225951/2023	NC_045512.2	22599	1	YP_009724390.1						G	C
hCoV-19/USA/AK-SEARCH-225951/2023	NC_045512.2	22603		YP_009724390.1						C	T
hCoV-19/USA/AK-SEARCH-225951/2023	NC_045512.2	22609		YP_009724390.1						G	T
hCoV-19/USA/AK-SEARCH-225951/2023	NC_045512.2	22618		YP_009724390.1						C	T
hCoV-19/USA/AK-SEARCH-225951/2023	NC_045512.2	22624		YP_009724390.1						T	C
hCoV-19/USA/AK-SEARCH-225951/2023	NC_045512.2	22627		YP_009724390.1						A	G
hCoV-19/USA/AK-SEARCH-225951/2023	NC_045512.2	22633		YP_009724390.1						G	A
hCoV-19/USA/AK-SEARCH-225951/2023	NC_045512.2	22639		YP_009724390.1						T	C
hCoV-19/USA/AK-SEARCH-225951/2023	NC_045512.2	22645		YP_009724390.1						C	T
hCoV-19/USA/AK-SEARCH-225951/2023	NC_045512.2	22663		YP_009724390.1						T	C
hCoV-19/USA/AK-SEARCH-225951/2023	NC_045512.2	22664	1	YP_009724390.1						T	A
hCoV-19/USA/AK-SEARCH-225951/2023	NC_045512.2	22666		YP_009724390.1						G	A
hCoV-19/USA/AK-SEARCH-225951/2023	NC_045512.2	22672		YP_009724390.1						C	T
hCoV-19/USA/AK-SEARCH-225951/2023	NC_045512.2	22673		YP_009724390.1						C	T
hCoV-19/USA/AK-SEARCH-225951/2023	NC_045512.2	22675		YP_009724390.1						G	C
hCoV-19/USA/AK-SEARCH-225951/2023	NC_045512.2	22678		YP_009724390.1						C	A
hCoV-19/USA/AK-SEARCH-225951/2023	NC_045512.2	22681		YP_009724390.1						T	A
hCoV-19/USA/AK-SEARCH-225951/2023	NC_045512.2	22684		YP_009724390.1						C	T
hCoV-19/USA/AK-SEARCH-225951/2023	NC_045512.2	22688	1	YP_009724390.1						A	G
hCoV-19/USA/AK-SEARCH-225951/2023	NC_045512.2	22690		YP_009724390.1						A	T
hCoV-19/USA/AK-SEARCH-225951/2023	NC_045512.2	22699		YP_009724390.1						C	T
hCoV-19/USA/AK-SEARCH-225951/2023	NC_045512.2	22702		YP_009724390.1						C	T
hCoV-19/USA/AK-SEARCH-225951/2023	NC_045512.2	22705		YP_009724390.1						G	A
hCoV-19/USA/AK-SEARCH-225951/2023	NC_045512.2	22708		YP_009724390.1						C	G
hCoV-19/USA/AK-SEARCH-225951/2023	NC_045512.2	22711		YP_009724390.1						G	T
hCoV-19/USA/AK-SEARCH-225951/2023	NC_045512.2	22717		YP_009724390.1						C	T
hCoV-19/USA/AK-SEARCH-225951/2023	NC_045512.2	22726		YP_009724390.1						C	T
hCoV-19/USA/AK-SEARCH-225951/2023	NC_045512.2	22730		YP_009724390.1						T	C
hCoV-19/USA/AK-SEARCH-225951/2023	NC_045512.2	22732		YP_009724390.1						A	C
hCoV-19/USA/AK-SEARCH-225951/2023	NC_045512.2	22738		YP_009724390.1						C	T
hCoV-19/USA/AK-SEARCH-225951/2023	NC_045512.2	22741		YP_009724390.1						C	T
hCoV-19/USA/AK-SEARCH-225951/2023	NC_045512.2	22747		YP_009724390.1						G	C
hCoV-19/USA/AK-SEARCH-225951/2023	NC_045512.2	22750		YP_009724390.1						C	T
hCoV-19/USA/AK-SEARCH-225951/2023	NC_045512.2	22753		YP_009724390.1						C	A
hCoV-19/USA/AK-SEARCH-225951/2023	NC_045512.2	22759		YP_009724390.1						T	A
hCoV-19/USA/AK-SEARCH-225951/2023	NC_045512.2	22765		YP_009724390.1						G	A
hCoV-19/USA/AK-SEARCH-225951/2023	NC_045512.2	22768		YP_009724390.1						C	T
hCoV-19/USA/AK-SEARCH-225951/2023	NC_045512.2	22771		YP_009724390.1						G	A
hCoV-19/USA/AK-SEARCH-225951/2023	NC_045512.2	22775	1	YP_009724390.1						G	A
hCoV-19/USA/AK-SEARCH-225951/2023	NC_045512.2	22777		YP_009724390.1						C	T
hCoV-19/USA/AK-SEARCH-225951/2023	NC_045512.2	22783		YP_009724390.1						T	C
hCoV-19/USA/AK-SEARCH-225951/2023	NC_045512.2	22786	1	YP_009724390.1						A	N
hCoV-19/USA/AK-SEARCH-225951/2023	NC_045512.2	22787	1	YP_009724390.1						C	N
hCoV-19/USA/AK-SEARCH-225951/2023	NC_045512.2	22788	1	YP_009724390.1						A	N
hCoV-19/USA/AK-SEARCH-225951/2023	NC_045512.2	22789	1	YP_009724390.1						G	N
hCoV-19/USA/AK-SEARCH-225951/2023	NC_045512.2	22790	1	YP_009724390.1						A	N
hCoV-19/USA/AK-SEARCH-225951/2023	NC_045512.2	22791	1	YP_009724390.1						T	N
hCoV-19/USA/AK-SEARCH-225951/2023	NC_045512.2	22792	1	YP_009724390.1						C	N
hCoV-19/USA/AK-SEARCH-225951/2023	NC_045512.2	22793	1	YP_009724390.1						G	N
hCoV-19/USA/AK-SEARCH-225951/2023	NC_045512.2	22794	1	YP_009724390.1						C	N
hCoV-19/USA/AK-SEARCH-225951/2023	NC_045512.2	22795	1	YP_009724390.1						T	N
hCoV-19/USA/AK-SEARCH-225951/2023	NC_045512.2	22796	1	YP_009724390.1						C	N
hCoV-19/USA/AK-SEARCH-225951/2023	NC_045512.2	22797	1	YP_009724390.1						C	N
hCoV-19/USA/AK-SEARCH-225951/2023	NC_045512.2	22798	1	YP_009724390.1						A	N
hCoV-19/USA/AK-SEARCH-225951/2023	NC_045512.2	22799	1	YP_009724390.1						G	N
hCoV-19/USA/AK-SEARCH-225951/2023	NC_045512.2	22800	1	YP_009724390.1						G	N
hCoV-19/USA/AK-SEARCH-225951/2023	NC_045512.2	22801	1	YP_009724390.1						G	N
hCoV-19/USA/AK-SEARCH-225951/2023	NC_045512.2	22802	1	YP_009724390.1						C	N
hCoV-19/USA/AK-SEARCH-225951/2023	NC_045512.2	22803	1	YP_009724390.1						A	N
hCoV-19/USA/AK-SEARCH-225951/2023	NC_045512.2	22804	1	YP_009724390.1						A	N
hCoV-19/USA/AK-SEARCH-225951/2023	NC_045512.2	22805	1	YP_009724390.1						A	N
hCoV-19/USA/AK-SEARCH-225951/2023	NC_045512.2	22806	1	YP_009724390.1						C	N
hCoV-19/USA/AK-SEARCH-225951/2023	NC_045512.2	22807	1	YP_009724390.1						T	N
hCoV-19/USA/AK-SEARCH-225951/2023	NC_045512.2	22808	1	YP_009724390.1						G	N
hCoV-19/USA/AK-SEARCH-225951/2023	NC_045512.2	22809	1	YP_009724390.1						G	N
hCoV-19/USA/AK-SEARCH-225951/2023	NC_045512.2	22810	1	YP_009724390.1						T	N
hCoV-19/USA/AK-SEARCH-225951/2023	NC_045512.2	22811	1	YP_009724390.1						A	N
hCoV-19/USA/AK-SEARCH-225951/2023	NC_045512.2	22812	1	YP_009724390.1						A	N
hCoV-19/USA/AK-SEARCH-225951/2023	NC_045512.2	22813	1	YP_009724390.1						T	N
hCoV-19/USA/AK-SEARCH-225951/2023	NC_045512.2	22814	1	YP_009724390.1						A	N
hCoV-19/USA/AK-SEARCH-225951/2023	NC_045512.2	22815	1	YP_009724390.1						T	N
hCoV-19/USA/AK-SEARCH-225951/2023	NC_045512.2	22816	1	YP_009724390.1						T	N
hCoV-19/USA/AK-SEARCH-225951/2023	NC_045512.2	22817	1	YP_009724390.1						G	N
hCoV-19/USA/AK-SEARCH-225951/2023	NC_045512.2	22818	1	YP_009724390.1						C	N
hCoV-19/USA/AK-SEARCH-225951/2023	NC_045512.2	22819	1	YP_009724390.1						C	N
hCoV-19/USA/AK-SEARCH-225951/2023	NC_045512.2	22820	1	YP_009724390.1						G	N
hCoV-19/USA/AK-SEARCH-225951/2023	NC_045512.2	22821	1	YP_009724390.1						A	N
hCoV-19/USA/AK-SEARCH-225951/2023	NC_045512.2	22822	1	YP_009724390.1						T	N
hCoV-19/USA/AK-SEARCH-225951/2023	NC_045512.2	22823	1	YP_009724390.1						T	N
hCoV-19/USA/AK-SEARCH-225951/2023	NC_045512.2	22824	1	YP_009724390.1						A	N
hCoV-19/USA/AK-SEARCH-225951/2023	NC_045512.2	22825	1	YP_009724390.1						C	N
hCoV-19/USA/AK-SEARCH-225951/2023	NC_045512.2	22826	1	YP_009724390.1						A	N
hCoV-19/USA/AK-SEARCH-225951/2023	NC_045512.2	22827	1	YP_009724390.1						A	N
hCoV-19/USA/AK-SEARCH-225951/2023	NC_045512.2	22828	1	YP_009724390.1						C	N
hCoV-19/USA/AK-SEARCH-225951/2023	NC_045512.2	22829	1	YP_009724390.1						T	N
hCoV-19/USA/AK-SEARCH-225951/2023	NC_045512.2	22830	1	YP_009724390.1						A	N
hCoV-19/USA/AK-SEARCH-225951/2023	NC_045512.2	22831	1	YP_009724390.1						C	N
hCoV-19/USA/AK-SEARCH-225951/2023	NC_045512.2	22832	1	YP_009724390.1						A	N
hCoV-19/USA/AK-SEARCH-225951/2023	NC_045512.2	22833	1	YP_009724390.1						A	N
hCoV-19/USA/AK-SEARCH-225951/2023	NC_045512.2	22834	1	YP_009724390.1						G	N
hCoV-19/USA/AK-SEARCH-225951/2023	NC_045512.2	22835	1	YP_009724390.1						C	N
hCoV-19/USA/AK-SEARCH-225951/2023	NC_045512.2	22836	1	YP_009724390.1						T	N
hCoV-19/USA/AK-SEARCH-225951/2023	NC_045512.2	22837	1	YP_009724390.1						T	N
hCoV-19/USA/AK-SEARCH-225951/2023	NC_045512.2	22838	1	YP_009724390.1						C	N
hCoV-19/USA/AK-SEARCH-225951/2023	NC_045512.2	22839	1	YP_009724390.1						C	N
hCoV-19/USA/AK-SEARCH-225951/2023	NC_045512.2	22840	1	YP_009724390.1						A	N
hCoV-19/USA/AK-SEARCH-225951/2023	NC_045512.2	22841	1	YP_009724390.1						G	N
hCoV-19/USA/AK-SEARCH-225951/2023	NC_045512.2	22842	1	YP_009724390.1						A	N
hCoV-19/USA/AK-SEARCH-225951/2023	NC_045512.2	22843	1	YP_009724390.1						C	N
hCoV-19/USA/AK-SEARCH-225951/2023	NC_045512.2	22844	1	YP_009724390.1						G	N
hCoV-19/USA/AK-SEARCH-225951/2023	NC_045512.2	22845	1	YP_009724390.1						A	N
hCoV-19/USA/AK-SEARCH-225951/2023	NC_045512.2	22846	1	YP_009724390.1						C	N
hCoV-19/USA/AK-SEARCH-225951/2023	NC_045512.2	22847	1	YP_009724390.1						T	N
hCoV-19/USA/AK-SEARCH-225951/2023	NC_045512.2	22848	1	YP_009724390.1						T	N
hCoV-19/USA/AK-SEARCH-225951/2023	NC_045512.2	22849	1	YP_009724390.1						C	N
hCoV-19/USA/AK-SEARCH-225951/2023	NC_045512.2	22850	1	YP_009724390.1						A	N
hCoV-19/USA/AK-SEARCH-225951/2023	NC_045512.2	22851	1	YP_009724390.1						C	N
hCoV-19/USA/AK-SEARCH-225951/2023	NC_045512.2	22852	1	YP_009724390.1						T	N
hCoV-19/USA/AK-SEARCH-225951/2023	NC_045512.2	22853	1	YP_009724390.1						G	N
hCoV-19/USA/AK-SEARCH-225951/2023	NC_045512.2	22854	1	YP_009724390.1						G	N
hCoV-19/USA/AK-SEARCH-225951/2023	NC_045512.2	22855	1	YP_009724390.1						T	N
hCoV-19/USA/AK-SEARCH-225951/2023	NC_045512.2	22856	1	YP_009724390.1						T	N
hCoV-19/USA/AK-SEARCH-225951/2023	NC_045512.2	22857	1	YP_009724390.1						G	N
hCoV-19/USA/AK-SEARCH-225951/2023	NC_045512.2	22858	1	YP_009724390.1						C	N
hCoV-19/USA/AK-SEARCH-225951/2023	NC_045512.2	22859	1	YP_009724390.1						G	N
hCoV-19/USA/AK-SEARCH-225951/2023	NC_045512.2	22860	1	YP_009724390.1						T	N
hCoV-19/USA/AK-SEARCH-225951/2023	NC_045512.2	22861	1	YP_009724390.1						A	N
hCoV-19/USA/AK-SEARCH-225951/2023	NC_045512.2	22862	1	YP_009724390.1						A	N
hCoV-19/USA/AK-SEARCH-225951/2023	NC_045512.2	22863	1	YP_009724390.1						T	N
hCoV-19/USA/AK-SEARCH-225951/2023	NC_045512.2	22864	1	YP_009724390.1						A	N
hCoV-19/USA/AK-SEARCH-225951/2023	NC_045512.2	22865	1	YP_009724390.1						G	N
hCoV-19/USA/AK-SEARCH-225951/2023	NC_045512.2	22866	1	YP_009724390.1						C	N
hCoV-19/USA/AK-SEARCH-225951/2023	NC_045512.2	22867	1	YP_009724390.1						A	N
hCoV-19/USA/AK-SEARCH-225951/2023	NC_045512.2	22868	1	YP_009724390.1						T	N
hCoV-19/USA/AK-SEARCH-225951/2023	NC_045512.2	22869	1	YP_009724390.1						G	N
hCoV-19/USA/AK-SEARCH-225951/2023	NC_045512.2	22870	1	YP_009724390.1						G	N
hCoV-19/USA/AK-SEARCH-225951/2023	NC_045512.2	22871	1	YP_009724390.1						A	N
hCoV-19/USA/AK-SEARCH-225951/2023	NC_045512.2	22872	1	YP_009724390.1						A	N
hCoV-19/USA/AK-SEARCH-225951/2023	NC_045512.2	22873	1	YP_009724390.1						C	N
hCoV-19/USA/AK-SEARCH-225951/2023	NC_045512.2	22874	1	YP_009724390.1						T	N
hCoV-19/USA/AK-SEARCH-225951/2023	NC_045512.2	22875	1	YP_009724390.1						C	N
hCoV-19/USA/AK-SEARCH-225951/2023	NC_045512.2	22876	1	YP_009724390.1						A	N
hCoV-19/USA/AK-SEARCH-225951/2023	NC_045512.2	22883		YP_009724390.1						T	C
hCoV-19/USA/AK-SEARCH-225951/2023	NC_045512.2	22885		YP_009724390.1						A	T
hCoV-19/USA/AK-SEARCH-225951/2023	NC_045512.2	22888		YP_009724390.1						C	T
hCoV-19/USA/AK-SEARCH-225951/2023	NC_045512.2	22891		YP_009724390.1						A	T
hCoV-19/USA/AK-SEARCH-225951/2023	NC_045512.2	22895	1	YP_009724390.1						G	C
hCoV-19/USA/AK-SEARCH-225951/2023	NC_045512.2	22896	1	YP_009724390.1						T	C
hCoV-19/USA/AK-SEARCH-225951/2023	NC_045512.2	22897		YP_009724390.1						C	T
hCoV-19/USA/AK-SEARCH-225951/2023	NC_045512.2	22898	1	YP_009724390.1						T	A
hCoV-19/USA/AK-SEARCH-225951/2023	NC_045512.2	22899		YP_009724390.1						C	G
hCoV-19/USA/AK-SEARCH-225951/2023	NC_045512.2	22900		YP_009724390.1						A	T
hCoV-19/USA/AK-SEARCH-225951/2023	NC_045512.2	22903		YP_009724390.1						A	T
hCoV-19/USA/AK-SEARCH-225951/2023	NC_045512.2	22912		YP_009724390.1						C	T
hCoV-19/USA/AK-SEARCH-225951/2023	NC_045512.2	22921		YP_009724390.1						C	T
hCoV-19/USA/AK-SEARCH-225951/2023	NC_045512.2	22922		YP_009724390.1						C	A
hCoV-19/USA/AK-SEARCH-225951/2023	NC_045512.2	22924		YP_009724390.1						T	A
hCoV-19/USA/AK-SEARCH-225951/2023	NC_045512.2	22925		YP_009724390.1						C	T
hCoV-19/USA/AK-SEARCH-225951/2023	NC_045512.2	22927		YP_009724390.1						T	G
hCoV-19/USA/AK-SEARCH-225951/2023	NC_045512.2	22930		YP_009724390.1						C	T
hCoV-19/USA/AK-SEARCH-225951/2023	NC_045512.2	22936		YP_009724390.1						A	G
hCoV-19/USA/AK-SEARCH-225951/2023	NC_045512.2	22939		YP_009724390.1						A	T
hCoV-19/USA/AK-SEARCH-225951/2023	NC_045512.2	22942	1	YP_009724390.1						T	G
hCoV-19/USA/AK-SEARCH-225951/2023	NC_045512.2	22943		YP_009724390.1						T	C
hCoV-19/USA/AK-SEARCH-225951/2023	NC_045512.2	22945		YP_009724390.1						G	C
hCoV-19/USA/AK-SEARCH-225951/2023	NC_045512.2	22948		YP_009724390.1						G	A
hCoV-19/USA/AK-SEARCH-225951/2023	NC_045512.2	22951		YP_009724390.1						G	T
hCoV-19/USA/AK-SEARCH-225951/2023	NC_045512.2	22954		YP_009724390.1						C	T
hCoV-19/USA/AK-SEARCH-225951/2023	NC_045512.2	22957		YP_009724390.1						A	G
hCoV-19/USA/AK-SEARCH-225951/2023	NC_045512.2	22960		YP_009724390.1						G	A
hCoV-19/USA/AK-SEARCH-225951/2023	NC_045512.2	22963		YP_009724390.1						C	T
hCoV-19/USA/AK-SEARCH-225951/2023	NC_045512.2	22966		YP_009724390.1						C	T
hCoV-19/USA/AK-SEARCH-225951/2023	NC_045512.2	22969		YP_009724390.1						C	A
hCoV-19/USA/AK-SEARCH-225951/2023	NC_045512.2	22972		YP_009724390.1						G	T
hCoV-19/USA/AK-SEARCH-225951/2023	NC_045512.2	22975		YP_009724390.1						G	A
hCoV-19/USA/AK-SEARCH-225951/2023	NC_045512.2	22978		YP_009724390.1						A	C
hCoV-19/USA/AK-SEARCH-225951/2023	NC_045512.2	22996		YP_009724390.1						G	A
hCoV-19/USA/AK-SEARCH-225951/2023	NC_045512.2	22999		YP_009724390.1						C	T
hCoV-19/USA/AK-SEARCH-225951/2023	NC_045512.2	23002		YP_009724390.1						C	T
hCoV-19/USA/AK-SEARCH-225951/2023	NC_045512.2	23008		YP_009724390.1						C	T
hCoV-19/USA/AK-SEARCH-225951/2023	NC_045512.2	23011		YP_009724390.1						C	T
hCoV-19/USA/AK-SEARCH-225951/2023	NC_045512.2	23014		YP_009724390.1						C	A
hCoV-19/USA/AK-SEARCH-225951/2023	NC_045512.2	23017		YP_009724390.1						C	T
hCoV-19/USA/AK-SEARCH-225951/2023	NC_045512.2	23018	1	YP_009724390.1						T	C
hCoV-19/USA/AK-SEARCH-225951/2023	NC_045512.2	23019	1	YP_009724390.1						T	C
hCoV-19/USA/AK-SEARCH-225951/2023	NC_045512.2	23020		YP_009724390.1						C	T
hCoV-19/USA/AK-SEARCH-225951/2023	NC_045512.2	23023		YP_009724390.1						C	T
hCoV-19/USA/AK-SEARCH-225951/2023	NC_045512.2	23031	1	YP_009724390.1						T	C
hCoV-19/USA/AK-SEARCH-225951/2023	NC_045512.2	23032		YP_009724390.1						C	T
hCoV-19/USA/AK-SEARCH-225951/2023	NC_045512.2	23035		YP_009724390.1						C	T
hCoV-19/USA/AK-SEARCH-225951/2023	NC_045512.2	23036		YP_009724390.1						C	T
hCoV-19/USA/AK-SEARCH-225951/2023	NC_045512.2	23039		YP_009724390.1						A	C
hCoV-19/USA/AK-SEARCH-225951/2023	NC_045512.2	23040		YP_009724390.1						G	A
hCoV-19/USA/AK-SEARCH-225951/2023	NC_045512.2	23041		YP_009724390.1						G	A
hCoV-19/USA/AK-SEARCH-225951/2023	NC_045512.2	23047		YP_009724390.1						C	T
hCoV-19/USA/AK-SEARCH-225951/2023	NC_045512.2	23048		YP_009724390.1						T	G
hCoV-19/USA/AK-SEARCH-225951/2023	NC_045512.2	23049		YP_009724390.1						C	G
hCoV-19/USA/AK-SEARCH-225951/2023	NC_045512.2	23054		YP_009724390.1						A	C
hCoV-19/USA/AK-SEARCH-225951/2023	NC_045512.2	23056		YP_009724390.1						G	A
hCoV-19/USA/AK-SEARCH-225951/2023	NC_045512.2	23059		YP_009724390.1						T	C
hCoV-19/USA/AK-SEARCH-225951/2023	NC_045512.2	23062		YP_009724390.1						A	T
hCoV-19/USA/AK-SEARCH-225951/2023	NC_045512.2	23065		YP_009724390.1						C	T
hCoV-19/USA/AK-SEARCH-225951/2023	NC_045512.2	23068		YP_009724390.1						A	T
hCoV-19/USA/AK-SEARCH-225951/2023	NC_045512.2	23074		YP_009724390.1						C	T
hCoV-19/USA/AK-SEARCH-225951/2023	NC_045512.2	23077		YP_009724390.1						T	C
hCoV-19/USA/AK-SEARCH-225951/2023	NC_045512.2	23080		YP_009724390.1						G	A
hCoV-19/USA/AK-SEARCH-225951/2023	NC_045512.2	23092		YP_009724390.1						T	A
hCoV-19/USA/AK-SEARCH-225951/2023	NC_045512.2	23095		YP_009724390.1						G	A
hCoV-19/USA/AK-SEARCH-225951/2023	NC_045512.2	23098		YP_009724390.1						T	A
hCoV-19/USA/AK-SEARCH-225951/2023	NC_045512.2	23099		YP_009724390.1						T	C
hCoV-19/USA/AK-SEARCH-225951/2023	NC_045512.2	23101		YP_009724390.1						A	T
hCoV-19/USA/AK-SEARCH-225951/2023	NC_045512.2	23107		YP_009724390.1						C	T
hCoV-19/USA/AK-SEARCH-225951/2023	NC_045512.2	23110		YP_009724390.1						G	A
hCoV-19/USA/AK-SEARCH-225951/2023	NC_045512.2	23111		YP_009724390.1						T	C
hCoV-19/USA/AK-SEARCH-225951/2023	NC_045512.2	23113		YP_009724390.1						G	T
hCoV-19/USA/AK-SEARCH-225951/2023	NC_045512.2	23114		YP_009724390.1						T	C
hCoV-19/USA/AK-SEARCH-225951/2023	NC_045512.2	23116		YP_009724390.1						G	A
hCoV-19/USA/AK-SEARCH-225951/2023	NC_045512.2	23119		YP_009724390.1						C	T
hCoV-19/USA/AK-SEARCH-225951/2023	NC_045512.2	23122		YP_009724390.1						C	A
hCoV-19/USA/AK-SEARCH-225951/2023	NC_045512.2	23125		YP_009724390.1						T	A
hCoV-19/USA/AK-SEARCH-225951/2023	NC_045512.2	23128		YP_009724390.1						T	A
hCoV-19/USA/AK-SEARCH-225951/2023	NC_045512.2	23131		YP_009724390.1						G	T
hCoV-19/USA/AK-SEARCH-225951/2023	NC_045512.2	23140		YP_009724390.1						T	A
hCoV-19/USA/AK-SEARCH-225951/2023	NC_045512.2	23146		YP_009724390.1						G	A
hCoV-19/USA/AK-SEARCH-225951/2023	NC_045512.2	23152		YP_009724390.1						C	T
hCoV-19/USA/AK-SEARCH-225951/2023	NC_045512.2	23403	1	YP_009724390.1						A	G
hCoV-19/USA/AK-SEARCH-225951/2023	NC_045512.2	23525	1	YP_009724390.1						C	T
hCoV-19/USA/AK-SEARCH-225951/2023	NC_045512.2	23599	1	YP_009724390.1						T	G
hCoV-19/USA/AK-SEARCH-225951/2023	NC_045512.2	23604	1	YP_009724390.1						C	A
hCoV-19/USA/AK-SEARCH-225951/2023	NC_045512.2	23854	1	YP_009724390.1						C	A
hCoV-19/USA/AK-SEARCH-225951/2023	NC_045512.2	23948	1	YP_009724390.1						G	T
hCoV-19/USA/AK-SEARCH-225951/2023	NC_045512.2	24424	1	YP_009724390.1						A	T
hCoV-19/USA/AK-SEARCH-225951/2023	NC_045512.2	24469	1	YP_009724390.1						T	A
hCoV-19/USA/AK-SEARCH-225951/2023	NC_045512.2	25000	1	YP_009724390.1						C	T
hCoV-19/USA/AK-SEARCH-225951/2023	NC_045512.2	25416	1	YP_009724391.1						C	T
hCoV-19/USA/AK-SEARCH-225951/2023	NC_045512.2	25584	1	YP_009724391.1						C	T
hCoV-19/USA/AK-SEARCH-225951/2023	NC_045512.2	26060	1	YP_009724391.1						C	T
hCoV-19/USA/AK-SEARCH-225951/2023	NC_045512.2	26270	1	YP_009724392.1						C	T
hCoV-19/USA/AK-SEARCH-225951/2023	NC_045512.2	26275	1	YP_009724392.1						A	G
hCoV-19/USA/AK-SEARCH-225951/2023	NC_045512.2	26577	1	YP_009724393.1						C	G
hCoV-19/USA/AK-SEARCH-225951/2023	NC_045512.2	26709	1	YP_009724393.1						G	A
hCoV-19/USA/AK-SEARCH-225951/2023	NC_045512.2	26858	1	YP_009724393.1						C	T
hCoV-19/USA/AK-SEARCH-225951/2023	NC_045512.2	27259	1	YP_009724394.1						A	C
hCoV-19/USA/AK-SEARCH-225951/2023	NC_045512.2	27382	1	YP_009724394.1						G	C
hCoV-19/USA/AK-SEARCH-225951/2023	NC_045512.2	27383	1	YP_009724394.1						A	T
hCoV-19/USA/AK-SEARCH-225951/2023	NC_045512.2	27384	1	YP_009724394.1						T	C
hCoV-19/USA/AK-SEARCH-225951/2023	NC_045512.2	27807	1	YP_009725318.1						C	T
hCoV-19/USA/AK-SEARCH-225951/2023	NC_045512.2	27915	1	YP_009724396.1						G	T
hCoV-19/USA/AK-SEARCH-225951/2023	NC_045512.2	28271	1							A	T
hCoV-19/USA/AK-SEARCH-225951/2023	NC_045512.2	28311	1	YP_009724397.2						C	T
hCoV-19/USA/AK-SEARCH-225951/2023	NC_045512.2	28362	9	YP_009724397.2						G	-GAGAACGCA
hCoV-19/USA/AK-SEARCH-225951/2023	NC_045512.2	28881	1	YP_009724397.2						G	A
hCoV-19/USA/AK-SEARCH-225951/2023	NC_045512.2	28882	1	YP_009724397.2						G	A
hCoV-19/USA/AK-SEARCH-225951/2023	NC_045512.2	28883	1	YP_009724397.2						G	C
hCoV-19/USA/AK-SEARCH-225951/2023	NC_045512.2	28945	1	YP_009724397.2						T	C
hCoV-19/USA/AK-SEARCH-225951/2023	NC_045512.2	29317	1	YP_009724397.2						T	C
hCoV-19/USA/AK-SEARCH-225951/2023	NC_045512.2	29510	1	YP_009724397.2						A	C
hCoV-19/USA/AK-SEARCH-225951/2023	NC_045512.2	29734	26							G	-GAGGCCACGCGGAGTACGATCGAGTG
hCoV-19/USA/AK-SEARCH-225951/2023	NC_045512.2	29848	56							T	-TAATAGCTTCTTAGGAGAATGACAAAAAAAAAAAAAAAAAAAAAAAAAAAAAAAAA
